tx_id,tx_date,amount,currency,qty,payment_method
TX-1000,2025-02-03,£94.04,INR,1,UPI
TX-1001,2024-04-22,INR 170.29,USD,1,Cash
TX-1002,2023-07-06,£56.51,eur,1,Card
TX-1003,2025-03-18,€66.04,GBP,1,Card
TX-1004,12/11/2023,224.4751214459086,EUR,1,Cash
TX-1005,01-24-2024,USD 54.22,usd,1,Wallet
TX-1006,20/08/2023,USD 82.57,EUR,1,UPI
TX-1007,15-Dec-2024,INR 80.10,INR,3,UPI
TX-1008,24-Dec-2023,249.02052284536433,EUR,1,card
TX-1009,30/01/2024,USD 161.85,eur,2,UPI
TX-1010,10-23-2024,63.02664035046225,usd,3,UPI
TX-1011,03/04/2023,INR 78.21,INR,1,Cash
TX-1012,13/06/2024,INR 143.09,usd,1,UPI
TX-1013,31-Jul-2024,$197.83,INR,-1,Cash
TX-1014,10-06-2024,$260.93,EUR,2,Wallet
TX-1015,12-09-2023,$194.72,EUR,1,UPI
TX-1016,16-Jun-2023,$164.49,GBP,3,Wallet
TX-1017,30-Aug-2024,INR 219.56,EUR,1,UPI
TX-1018,09-07-2024,INR 145.28,INR,1,Card
TX-1019,2025-02-20,€126.87,usd,2,card
TX-1020,30/01/2023,€154.15,usd,-1,card
TX-1021,23/07/2023,€39.84,USD,1,UPI
TX-1022,22/03/2025,INR 240.65,GBP,1,Wallet
TX-1023,01/01/2023,USD 60.92,INR,1,Cash
TX-1024,09/07/2023,INR 257.47,USD,-1,Card
TX-1025,06-07-2023,USD 2.48,INR,1,Wallet
TX-1026,17-Jul-2024,INR 209.94,eur,2,Wallet
TX-1027,24/12/2024,$229.15,GBP,1,UPI
TX-1028,20/02/2025,€120.57,INR,-1,Wallet
TX-1029,03-Sep-2024,€160.70,GBP,-1,card
TX-1030,28/01/2023,USD 265.79,EUR,1,UPI
TX-1031,2023-12-15,INR 183.56,USD,-1,Card
TX-1032,22-May-2023,USD 57.20,INR,2,Cash
TX-1033,14-Dec-2023,INR 196.56,EUR,1,UPI
TX-1034,01-Feb-2024,INR 11.41,EUR,1,Wallet
TX-1035,2024-11-29,$140.01,INR,-1,Cash
TX-1036,02-Nov-2024,$241.26,EUR,1,Card
TX-1037,11-Aug-2024,$206.20,GBP,-1,Wallet
TX-1038,2024-03-08,€91.58,eur,-1,Cash
TX-1039,10-Sep-2024,INR 151.12,eur,1,card
TX-1040,2024-01-09,INR 235.86,usd,2,Cash
TX-1041,2023-06-03,101.79759122812868,usd,1,Card
TX-1042,11-Jun-2024,INR 131.03,INR,1,Cash
TX-1043,07-Jun-2025,$138.61,usd,-1,UPI
TX-1044,16-Sep-2023,€101.90,USD,3,UPI
TX-1045,07-03-2023,$107.71,GBP,1,UPI
TX-1046,2024-10-13,€179.14,eur,1,card
TX-1047,26-Jan-2025,$75.34,usd,1,Card
TX-1048,14/01/2025,INR 190.24,INR,1,Wallet
TX-1049,06/12/2024,275.7137646142084,usd,3,Wallet
TX-1050,2023-02-11,$98.65,EUR,3,Cash
TX-1051,2024-01-27,101.99404967058243,eur,1,Wallet
TX-1052,2024-02-15,55.995175236145414,INR,-1,Cash
TX-1053,06-May-2025,USD 289.58,usd,1,UPI
TX-1054,22/09/2024,$208.58,INR,3,Wallet
TX-1055,09-Aug-2023,83.16123931343903,EUR,1,card
TX-1056,2024-11-18,USD 181.78,eur,1,UPI
TX-1057,06-Jan-2023,INR 62.93,eur,1,UPI
TX-1058,01-Oct-2023,180.12475581681136,INR,1,Card
TX-1059,2023-08-19,USD 212.99,USD,3,UPI
TX-1060,15-Jan-2025,176.7863351911952,usd,1,card
TX-1061,03-Feb-2024,$279.03,INR,1,UPI
TX-1062,21-Dec-2023,46.381809444146725,GBP,1,card
TX-1063,15/12/2024,€202.22,GBP,1,card
TX-1064,22-Mar-2023,€168.84,USD,1,card
TX-1065,01-14-2024,€88.26,GBP,-1,Wallet
TX-1066,31/01/2023,USD 187.83,usd,1,card
TX-1067,17-Mar-2024,$298.75,INR,3,Wallet
TX-1068,29-Aug-2023,USD 276.43,GBP,3,Cash
TX-1069,10-Apr-2023,$66.27,usd,1,Card
TX-1070,04/06/2025,230.29551721721793,GBP,3,Wallet
TX-1071,27/12/2023,£126.04,INR,1,UPI
TX-1072,2024-10-07,199.60613874750285,eur,-1,UPI
TX-1073,29-May-2024,INR 68.30,GBP,2,UPI
TX-1074,25-Apr-2025,USD 47.93,GBP,1,Cash
TX-1075,06-29-2024,229.1175363789679,EUR,-1,Cash
TX-1076,28-Jan-2024,INR 292.30,EUR,-1,Cash
TX-1077,25/09/2024,£42.43,usd,1,card
TX-1078,07-Aug-2024,€283.70,usd,1,Card
TX-1079,05-Aug-2024,€205.62,USD,-1,card
TX-1080,23-Jun-2025,USD 166.07,EUR,2,UPI
TX-1081,10/01/2025,53.388087065357674,EUR,1,Card
TX-1082,2023-10-28,USD 268.44,usd,2,Wallet
TX-1083,08-Sep-2023,USD 296.92,GBP,3,Cash
TX-1084,04-02-2025,USD 261.75,EUR,2,Cash
TX-1085,2023-01-08,INR 204.93,usd,2,Wallet
TX-1086,14-Mar-2023,287.314870132124,usd,1,card
TX-1087,2024-10-24,132.11781504572525,USD,1,Wallet
TX-1088,2025-04-28,109.64860702625958,usd,-1,Wallet
TX-1089,2024-03-14,€31.98,usd,1,Card
TX-1090,11-Jan-2024,USD 197.30,EUR,2,Card
TX-1091,2023-09-28,99.67767985886806,USD,2,Wallet
TX-1092,09/02/2025,€227.34,INR,-1,Wallet
TX-1093,05-Dec-2023,£210.17,INR,3,Cash
TX-1094,18/02/2025,€45.26,USD,1,UPI
TX-1095,07-31-2024,€214.43,eur,1,card
TX-1096,10-11-2024,INR 143.11,eur,1,Card
TX-1097,31/01/2025,€44.81,GBP,1,Card
TX-1098,29/01/2023,USD 175.39,usd,1,UPI
TX-1099,08-Jan-2024,USD 143.62,INR,-1,Card
TX-1100,08-24-2024,INR 157.48,GBP,-1,Card
TX-1101,10-Jun-2025,INR 53.44,USD,-1,Cash
TX-1102,17/12/2023,USD 93.48,EUR,1,card
TX-1103,2025-03-07,€195.35,GBP,2,card
TX-1104,2025-07-23,£252.15,EUR,-1,Card
TX-1105,2024-01-08,$120.15,INR,3,Cash
TX-1106,2023-10-05,$291.16,GBP,3,card
TX-1107,11/09/2023,77.56554972666268,EUR,-1,Card
TX-1108,22-Aug-2023,£54.05,INR,3,UPI
TX-1109,04/04/2023,$220.27,EUR,3,UPI
TX-1110,04/03/2023,£69.05,usd,2,Wallet
TX-1111,2023-04-11,96.33864330660417,USD,1,Wallet
TX-1112,30-Apr-2023,USD 25.93,USD,3,card
TX-1113,09-Aug-2023,$90.69,usd,2,Cash
TX-1114,07-Jan-2025,USD 233.44,usd,-1,card
TX-1115,12-Feb-2025,€297.68,GBP,3,UPI
TX-1116,19/05/2024,INR 99.26,usd,1,UPI
TX-1117,28/09/2023,103.00154289835106,usd,3,UPI
TX-1118,02-Oct-2024,USD 34.33,GBP,1,UPI
TX-1119,03-Jul-2025,USD 149.24,USD,2,UPI
TX-1120,07-Apr-2023,103.38708469068263,usd,1,Card
TX-1121,2025-03-08,USD 229.09,INR,3,UPI
TX-1122,24-Nov-2023,€31.77,usd,1,card
TX-1123,19/11/2024,USD 97.81,GBP,1,Card
TX-1124,16/09/2024,£98.38,GBP,-1,card
TX-1125,18-Mar-2025,€234.15,EUR,1,Wallet
TX-1126,08-14-2025,€111.87,INR,-1,UPI
TX-1127,04-29-2025,INR 135.46,usd,2,Wallet
TX-1128,06-Jan-2023,INR 17.54,INR,-1,Card
TX-1129,04-12-2024,6.8244074489279525,EUR,1,UPI
TX-1130,10-29-2023,INR 8.08,GBP,1,card
TX-1131,27/07/2024,£239.44,usd,2,UPI
TX-1132,2023-04-20,€73.70,eur,2,card
TX-1133,2024-04-26,INR 234.59,eur,-1,Wallet
TX-1134,09-13-2023,£296.09,GBP,1,Cash
TX-1135,02-27-2023,€83.54,GBP,1,Cash
TX-1136,28/04/2024,$264.37,INR,-1,Wallet
TX-1137,24/04/2025,£262.31,INR,3,Card
TX-1138,2024-07-29,€132.04,usd,3,UPI
TX-1139,07-24-2024,USD 207.18,USD,-1,UPI
TX-1140,05-23-2025,INR 271.63,eur,1,Card
TX-1141,25-Nov-2023,€69.08,INR,1,UPI
TX-1142,2023-09-19,42.940710869714145,GBP,2,Wallet
TX-1143,05-Apr-2025,£239.63,USD,3,UPI
TX-1144,17-Jan-2023,£298.70,INR,3,Wallet
TX-1145,10-17-2023,190.67777940679886,USD,3,Cash
TX-1146,2024-07-25,£160.00,USD,3,Wallet
TX-1147,16/09/2024,225.8202974040209,GBP,1,Wallet
TX-1148,07/04/2024,$195.48,EUR,-1,card
TX-1149,14-Dec-2023,158.78647634798855,eur,2,Cash
TX-1150,02-16-2024,INR 2.90,USD,1,Card
TX-1151,27-Nov-2023,USD 46.00,usd,-1,UPI
TX-1152,29-Jun-2024,USD 196.43,usd,1,card
TX-1153,06/06/2023,USD 232.12,INR,1,Cash
TX-1154,2023-01-27,£234.06,INR,1,UPI
TX-1155,06-10-2025,278.6111851543266,EUR,1,UPI
TX-1156,17-Jun-2023,USD 297.31,EUR,1,Cash
TX-1157,21-May-2023,INR 37.81,USD,2,Card
TX-1158,2024-01-25,INR 134.60,EUR,1,Wallet
TX-1159,2024-08-27,USD 28.76,usd,3,card
TX-1160,05/05/2023,$227.23,GBP,-1,card
TX-1161,01-02-2024,USD 125.12,USD,3,UPI
TX-1162,05-04-2024,INR 153.11,USD,1,Wallet
TX-1163,02-Apr-2025,$120.69,INR,1,UPI
TX-1164,2025-05-06,130.81051658716973,INR,1,Cash
TX-1165,28-Oct-2024,$262.91,INR,-1,UPI
TX-1166,16/02/2023,USD 254.38,usd,1,Card
TX-1167,15/06/2024,INR 42.93,USD,1,card
TX-1168,01/04/2025,260.0371732131758,INR,1,card
TX-1169,29/02/2024,USD 126.35,usd,1,Card
TX-1170,2024-01-09,$236.18,GBP,1,UPI
TX-1171,02-18-2024,€272.79,usd,1,Cash
TX-1172,2025-03-13,INR 100.14,USD,-1,Card
TX-1173,24-Jul-2025,INR 14.90,usd,-1,card
TX-1174,23/06/2023,€30.93,EUR,1,Wallet
TX-1175,2023-03-09,INR 290.65,GBP,3,Wallet
TX-1176,2023-05-18,INR 94.12,INR,1,UPI
TX-1177,11-03-2024,287.1147010435854,eur,1,Wallet
TX-1178,19/05/2024,£38.62,EUR,1,Card
TX-1179,2024-11-06,223.21238608913097,GBP,1,card
TX-1180,18/04/2023,USD 68.64,eur,-1,UPI
TX-1181,03-Dec-2023,£200.84,usd,3,UPI
TX-1182,17/02/2025,€99.06,eur,1,card
TX-1183,2025-01-24,INR 224.63,eur,1,Card
TX-1184,2023-07-06,$43.74,EUR,1,Wallet
TX-1185,2023-11-27,INR 172.05,INR,1,card
TX-1186,20-Feb-2024,INR 297.82,usd,1,card
TX-1187,2024-03-26,223.74316838020275,usd,1,UPI
TX-1188,02/07/2025,INR 77.33,usd,2,Cash
TX-1189,11-15-2024,€229.22,USD,1,Wallet
TX-1190,2024-10-19,USD 289.46,USD,1,Wallet
TX-1191,2025-04-29,36.963045504606995,INR,1,UPI
TX-1192,11-Nov-2023,$131.41,usd,1,Wallet
TX-1193,19/04/2025,43.370819070665746,EUR,1,Card
TX-1194,01-21-2025,USD 158.15,usd,3,card
TX-1195,02-18-2023,162.29770389867303,usd,1,UPI
TX-1196,2023-06-12,204.43867334369583,eur,3,Card
TX-1197,13/05/2025,£162.71,GBP,1,UPI
TX-1198,20-Feb-2023,£89.65,GBP,2,Wallet
TX-1199,26/11/2023,€216.74,USD,1,UPI
TX-1200,12-26-2024,63.41768510634148,usd,3,Cash
TX-1201,02-Mar-2023,INR 42.95,EUR,1,Wallet
TX-1202,16/03/2025,INR 194.18,usd,1,Card
TX-1203,05-04-2025,€22.09,EUR,2,Cash
TX-1204,13/01/2025,USD 62.54,eur,1,UPI
TX-1205,2023-01-12,£156.67,USD,-1,card
TX-1206,27/04/2024,€198.47,USD,3,card
TX-1207,10/04/2024,22.050417193679756,INR,1,Cash
TX-1208,01-26-2024,INR 34.74,GBP,3,Card
TX-1209,16-Jun-2025,USD 227.78,usd,1,Cash
TX-1210,01-19-2025,73.1464858721124,GBP,-1,Wallet
TX-1211,2024-03-07,€191.78,eur,-1,UPI
TX-1212,07-15-2025,€192.44,GBP,-1,UPI
TX-1213,2024-01-01,4.864906856701987,GBP,1,card
TX-1214,21/05/2024,177.73424720537915,INR,1,Wallet
TX-1215,28-Jul-2024,182.3817221386065,GBP,1,card
TX-1216,2023-04-21,$173.11,EUR,1,card
TX-1217,19-Nov-2024,244.76977841354744,eur,1,UPI
TX-1218,24-Oct-2024,£255.82,usd,1,Wallet
TX-1219,12-Apr-2025,$201.05,EUR,3,Card
TX-1220,01-25-2023,INR 30.54,USD,-1,Wallet
TX-1221,05-19-2025,108.21809084484099,INR,1,Card
TX-1222,11-Oct-2023,€235.33,GBP,-1,UPI
TX-1223,26/02/2025,£63.60,eur,1,Wallet
TX-1224,02-10-2025,USD 234.51,GBP,1,UPI
TX-1225,27/12/2023,€95.64,USD,-1,Cash
TX-1226,16-Oct-2024,INR 94.56,eur,1,Wallet
TX-1227,07-27-2023,INR 256.94,INR,1,Wallet
TX-1228,07-06-2025,USD 226.68,INR,1,Cash
TX-1229,07-14-2023,272.7402675027375,eur,3,UPI
TX-1230,13/02/2025,119.99339847954228,USD,1,Cash
TX-1231,03-Apr-2023,USD 255.81,eur,1,card
TX-1232,29-Dec-2023,INR 40.78,USD,-1,UPI
TX-1233,2024-09-20,USD 97.83,GBP,1,Card
TX-1234,15/07/2024,€200.59,USD,2,Card
TX-1235,03/05/2025,USD 74.36,GBP,-1,Card
TX-1236,2023-05-29,$89.74,usd,2,Wallet
TX-1237,29/02/2024,£124.28,usd,2,card
TX-1238,28-Jun-2025,224.2910413159891,INR,1,Wallet
TX-1239,01-15-2024,USD 270.12,INR,3,UPI
TX-1240,20/03/2023,97.17710293176368,EUR,3,card
TX-1241,2023-05-12,£294.32,eur,2,card
TX-1242,2023-11-18,£242.37,EUR,-1,UPI
TX-1243,04/01/2025,£140.12,USD,2,card
TX-1244,24-Mar-2024,$177.73,EUR,1,card
TX-1245,2024-04-04,INR 268.86,eur,1,Cash
TX-1246,11-29-2024,20.558415073644642,INR,3,UPI
TX-1247,2025-08-28,INR 214.37,GBP,-1,Card
TX-1248,10/02/2024,€198.88,usd,-1,UPI
TX-1249,05/12/2023,£171.39,GBP,1,card
TX-1250,11-28-2024,£258.96,USD,-1,UPI
TX-1251,2024-08-24,$232.61,usd,1,card
TX-1252,28/02/2024,USD 220.03,usd,1,Card
TX-1253,31-Jan-2023,€218.87,USD,1,Wallet
TX-1254,10-Aug-2024,INR 241.67,eur,2,Card
TX-1255,05-17-2025,€55.71,INR,1,Wallet
TX-1256,06-19-2025,USD 150.40,INR,2,Card
TX-1257,08-21-2023,295.7051708886054,USD,1,Wallet
TX-1258,2025-02-08,$157.64,usd,1,card
TX-1259,03-02-2023,$29.55,usd,1,Cash
TX-1260,01-Dec-2023,£92.57,usd,1,Cash
TX-1261,26/06/2023,INR 191.31,EUR,3,Card
TX-1262,2023-12-20,USD 261.76,usd,1,card
TX-1263,01-Jul-2023,USD 212.20,usd,1,Wallet
TX-1264,2023-02-01,$280.65,INR,1,Cash
TX-1265,24/12/2023,USD 177.44,USD,2,Card
TX-1266,09/09/2024,€299.21,GBP,-1,card
TX-1267,01-May-2025,$235.43,eur,3,Cash
TX-1268,13/12/2023,USD 110.34,GBP,1,Wallet
TX-1269,02-12-2023,INR 18.53,eur,-1,card
TX-1270,2023-04-12,€199.39,usd,3,card
TX-1271,20-Dec-2024,227.32011782652106,EUR,1,UPI
TX-1272,19-May-2023,€229.29,eur,2,Wallet
TX-1273,21-Mar-2024,$25.63,GBP,1,UPI
TX-1274,28-Jul-2024,€183.29,GBP,1,Cash
TX-1275,2024-06-24,$57.24,INR,3,card
TX-1276,09/07/2024,192.63879602985406,USD,3,Cash
TX-1277,02-18-2023,€116.09,usd,1,Wallet
TX-1278,26/01/2025,153.11492951867245,eur,1,Card
TX-1279,12-Apr-2023,USD 285.04,eur,1,Cash
TX-1280,01/01/2025,£149.09,eur,3,Cash
TX-1281,16-Feb-2023,62.60292188224113,USD,1,Cash
TX-1282,15/07/2025,€198.22,EUR,2,Card
TX-1283,16-Jan-2024,USD 14.38,usd,1,card
TX-1284,11-15-2024,INR 264.70,eur,3,UPI
TX-1285,07-29-2023,$123.35,GBP,2,Wallet
TX-1286,12/10/2023,INR 245.20,INR,3,Cash
TX-1287,03-Oct-2024,INR 13.50,EUR,-1,Card
TX-1288,2023-03-14,INR 35.47,USD,1,card
TX-1289,02/12/2023,€283.11,eur,-1,Wallet
TX-1290,10-19-2023,£86.13,INR,1,Cash
TX-1291,09/02/2024,£285.11,GBP,1,Card
TX-1292,2024-06-14,$141.22,USD,1,Cash
TX-1293,03-May-2025,56.15902014820871,USD,1,Wallet
TX-1294,09-22-2024,USD 131.99,GBP,3,Cash
TX-1295,09/11/2024,230.79621465443802,INR,1,card
TX-1296,15/01/2023,€103.06,EUR,1,Wallet
TX-1297,2023-07-25,USD 118.00,INR,3,Cash
TX-1298,19/08/2023,€188.54,eur,-1,Wallet
TX-1299,26-Jan-2023,USD 21.75,usd,3,UPI
TX-1300,24/07/2024,€43.87,USD,1,Cash
TX-1301,2024-02-24,USD 185.96,eur,1,UPI
TX-1302,09/02/2023,270.55436406309894,EUR,1,Wallet
TX-1303,2023-01-04,£244.30,USD,1,Cash
TX-1304,2024-07-31,INR 6.92,usd,-1,Wallet
TX-1305,17-Oct-2023,135.4516912487304,EUR,-1,Wallet
TX-1306,09-19-2024,104.19872981353996,GBP,2,Card
TX-1307,04-10-2024,€67.93,eur,-1,Card
TX-1308,02-02-2024,€264.70,eur,1,Wallet
TX-1309,04-04-2025,INR 44.05,GBP,-1,card
TX-1310,22/05/2025,USD 296.26,eur,1,Card
TX-1311,22-Aug-2025,INR 126.92,GBP,-1,Wallet
TX-1312,30-Mar-2024,€139.59,INR,-1,Wallet
TX-1313,17/05/2023,74.55612776332222,EUR,3,Card
TX-1314,08-28-2025,£270.21,GBP,1,UPI
TX-1315,07-Aug-2023,$43.26,usd,-1,Wallet
TX-1316,04-Nov-2023,USD 16.21,INR,3,Card
TX-1317,06-Nov-2024,INR 281.20,EUR,2,Cash
TX-1318,11/12/2024,116.40523069836554,EUR,1,card
TX-1319,26/02/2025,£192.73,EUR,1,Wallet
TX-1320,21-Nov-2023,74.46384576366094,EUR,2,UPI
TX-1321,2024-09-17,$203.18,USD,1,Cash
TX-1322,2025-07-31,$100.12,INR,1,Card
TX-1323,31/01/2025,€287.43,USD,1,card
TX-1324,07-20-2025,INR 175.45,GBP,1,Card
TX-1325,10-24-2023,£31.35,EUR,1,Card
TX-1326,2024-03-01,£160.16,GBP,1,card
TX-1327,19-Jul-2024,€210.26,eur,1,Cash
TX-1328,10/11/2024,$272.85,USD,1,Wallet
TX-1329,29-Apr-2024,$143.59,usd,-1,UPI
TX-1330,11-Aug-2025,USD 175.88,GBP,1,Wallet
TX-1331,08-27-2025,$265.80,INR,1,Card
TX-1332,05-19-2023,USD 203.53,USD,-1,Card
TX-1333,10-11-2024,$88.41,INR,3,Wallet
TX-1334,17-Jan-2023,€297.52,INR,1,card
TX-1335,2023-10-14,USD 147.39,USD,-1,Card
TX-1336,12-18-2024,INR 79.67,INR,1,UPI
TX-1337,06-Feb-2025,€198.16,usd,1,Card
TX-1338,2025-06-11,$220.66,INR,2,Card
TX-1339,15-Jul-2025,$114.63,eur,-1,UPI
TX-1340,14-Dec-2024,£101.35,GBP,2,UPI
TX-1341,05-16-2023,£216.02,EUR,2,UPI
TX-1342,2023-10-01,274.09384782994084,USD,-1,UPI
TX-1343,2025-06-01,USD 7.88,USD,1,Cash
TX-1344,07-01-2023,£20.42,EUR,1,Cash
TX-1345,2023-01-10,€221.21,usd,1,Card
TX-1346,19-Aug-2024,€189.67,eur,1,card
TX-1347,2023-05-05,USD 211.54,eur,1,Card
TX-1348,2023-04-04,2.148499410285347,EUR,1,Cash
TX-1349,2025-01-04,116.6833837166509,usd,1,Wallet
TX-1350,17/04/2025,INR 212.76,usd,-1,Card
TX-1351,04-25-2024,£219.74,USD,2,Card
TX-1352,2024-06-03,USD 24.79,INR,1,card
TX-1353,12/08/2024,210.29013903497963,USD,1,Card
TX-1354,05-18-2025,USD 227.13,EUR,2,card
TX-1355,31-Oct-2023,€152.49,EUR,2,UPI
TX-1356,04-24-2025,£220.90,USD,-1,UPI
TX-1357,16/10/2023,$20.33,GBP,1,Cash
TX-1358,26-Sep-2024,24.905531902137913,GBP,1,Cash
TX-1359,11-23-2023,£209.72,eur,1,card
TX-1360,09-26-2023,135.78529831078382,GBP,1,Wallet
TX-1361,04-Nov-2023,94.72892756185792,EUR,1,card
TX-1362,2023-06-24,INR 207.57,GBP,2,UPI
TX-1363,03-Aug-2025,INR 139.62,GBP,1,Card
TX-1364,25-Jan-2025,$126.46,EUR,1,Wallet
TX-1365,10/06/2025,$120.43,GBP,-1,Card
TX-1366,04/06/2023,$65.88,GBP,2,Card
TX-1367,10-05-2023,INR 60.13,GBP,1,UPI
TX-1368,04-29-2025,INR 69.09,usd,-1,Wallet
TX-1369,19-Mar-2024,USD 284.25,GBP,-1,Cash
TX-1370,2023-12-28,€21.00,eur,2,card
TX-1371,24/10/2023,INR 71.31,EUR,2,Wallet
TX-1372,01-14-2023,€189.82,eur,1,card
TX-1373,2024-03-15,£180.14,INR,1,UPI
TX-1374,06/04/2025,INR 111.50,USD,1,Wallet
TX-1375,14-Jan-2024,€74.59,eur,1,UPI
TX-1376,11-Oct-2024,£236.26,INR,3,UPI
TX-1377,16/12/2024,€270.65,eur,3,Card
TX-1378,26/12/2024,USD 244.18,GBP,3,Wallet
TX-1379,2025-06-30,$94.72,GBP,1,card
TX-1380,2023-11-26,INR 159.24,usd,-1,UPI
TX-1381,10-Mar-2023,USD 117.48,INR,-1,Card
TX-1382,2024-01-08,USD 142.65,eur,1,UPI
TX-1383,31-Dec-2023,€169.00,INR,2,UPI
TX-1384,11/09/2024,247.41679616576317,EUR,3,card
TX-1385,05-04-2023,220.2925554745519,EUR,3,card
TX-1386,17/10/2023,INR 237.42,eur,1,UPI
TX-1387,25/09/2023,$44.07,USD,-1,Wallet
TX-1388,03-22-2023,USD 140.02,GBP,-1,Wallet
TX-1389,22/07/2024,€178.56,USD,1,Wallet
TX-1390,10/10/2023,INR 212.18,INR,1,card
TX-1391,05-12-2023,$286.88,USD,1,card
TX-1392,05-03-2024,43.38409958977512,GBP,3,Cash
TX-1393,05-Oct-2024,INR 194.25,EUR,1,card
TX-1394,2025-05-06,€193.44,usd,3,Cash
TX-1395,2025-06-23,217.11022481667845,EUR,2,Cash
TX-1396,2025-08-07,$42.83,usd,1,Card
TX-1397,04-05-2023,€291.72,USD,2,UPI
TX-1398,2025-02-07,£148.24,USD,3,Wallet
TX-1399,19-Oct-2024,£208.68,USD,1,Wallet
TX-1400,2023-06-12,€229.07,EUR,1,Cash
TX-1401,2024-10-22,16.692447351126845,EUR,2,Cash
TX-1402,13/02/2023,USD 227.80,EUR,3,UPI
TX-1403,27-Nov-2023,227.03295999515686,GBP,1,card
TX-1404,02-22-2025,148.17595191322582,eur,-1,Wallet
TX-1405,2024-07-17,£13.00,USD,1,Card
TX-1406,19-Aug-2024,3.1385597397765137,USD,3,UPI
TX-1407,05/06/2024,USD 119.76,usd,1,card
TX-1408,10-16-2023,£167.32,GBP,1,Card
TX-1409,02-11-2025,€101.01,INR,2,Cash
TX-1410,10-28-2024,INR 136.04,usd,-1,card
TX-1411,27-Feb-2025,$62.17,USD,2,Cash
TX-1412,30/01/2025,£60.84,eur,-1,UPI
TX-1413,02/05/2025,€266.11,INR,2,Cash
TX-1414,25/10/2024,€170.49,EUR,3,Cash
TX-1415,2023-11-14,USD 65.71,INR,1,Wallet
TX-1416,27-Aug-2025,INR 216.27,GBP,3,Card
TX-1417,31-Jul-2025,£144.57,INR,-1,Card
TX-1418,2023-03-21,$265.44,usd,1,Cash
TX-1419,08-27-2025,€279.12,GBP,2,card
TX-1420,2023-06-13,USD 17.01,eur,1,Wallet
TX-1421,01-29-2025,INR 23.75,eur,1,UPI
TX-1422,2025-02-27,€269.66,EUR,1,Wallet
TX-1423,10/08/2025,36.97718123273924,eur,-1,Cash
TX-1424,20-Jun-2025,$53.20,USD,-1,Card
TX-1425,04-11-2024,81.74998371113183,usd,2,Cash
TX-1426,18/01/2025,INR 65.43,eur,2,Cash
TX-1427,08-Feb-2023,INR 130.31,GBP,1,Cash
TX-1428,2024-08-13,€197.33,eur,1,Wallet
TX-1429,07-27-2023,€8.30,EUR,1,Wallet
TX-1430,2025-04-09,$298.76,usd,2,card
TX-1431,20-Dec-2024,237.79716804045992,eur,1,UPI
TX-1432,2024-01-08,INR 179.82,GBP,3,Card
TX-1433,01-18-2024,£218.13,EUR,1,UPI
TX-1434,21/02/2024,€174.48,GBP,1,UPI
TX-1435,01-Jun-2023,INR 203.04,INR,2,Cash
TX-1436,09-08-2024,€265.55,INR,-1,Wallet
TX-1437,06/04/2024,€267.03,usd,-1,Card
TX-1438,09-05-2024,162.52310141307512,EUR,3,Card
TX-1439,15/04/2025,INR 247.58,USD,2,Cash
TX-1440,2024-05-28,£156.35,USD,1,card
TX-1441,11/11/2024,222.17366792863544,eur,1,Wallet
TX-1442,04-30-2023,€219.82,usd,2,card
TX-1443,03-Nov-2024,€66.50,eur,2,Cash
TX-1444,20-Aug-2023,47.55465328298832,EUR,-1,Cash
TX-1445,2025-07-03,$149.07,eur,1,Card
TX-1446,12-Feb-2025,USD 91.55,usd,-1,Cash
TX-1447,14/04/2025,$8.03,INR,1,Card
TX-1448,2023-07-10,INR 21.04,USD,2,UPI
TX-1449,08-Nov-2024,£4.16,INR,1,Wallet
TX-1450,19/01/2024,£91.83,usd,2,card
TX-1451,2024-08-30,$204.06,GBP,1,UPI
TX-1452,02-01-2023,INR 210.49,usd,1,Wallet
TX-1453,12-06-2024,284.7875705319445,GBP,1,Wallet
TX-1454,09-Feb-2023,$227.96,GBP,1,card
TX-1455,2023-04-05,74.37146620124065,eur,1,Wallet
TX-1456,01-24-2024,INR 73.17,USD,1,UPI
TX-1457,19-Jul-2024,INR 65.75,USD,1,Card
TX-1458,2024-08-30,INR 280.73,USD,3,Card
TX-1459,04-19-2024,INR 209.44,usd,-1,Cash
TX-1460,2023-09-17,INR 209.77,EUR,2,UPI
TX-1461,24/05/2025,£12.91,INR,2,Cash
TX-1462,04/12/2024,$290.60,EUR,2,Wallet
TX-1463,2023-09-13,116.80379987468042,eur,1,Wallet
TX-1464,02-14-2023,€55.62,eur,3,Wallet
TX-1465,23-Aug-2023,$242.72,USD,1,Card
TX-1466,2023-05-16,€131.99,eur,2,Cash
TX-1467,12-26-2024,$190.81,GBP,2,Cash
TX-1468,13-Oct-2023,INR 167.63,USD,1,Cash
TX-1469,09-27-2023,£142.91,EUR,1,Cash
TX-1470,25/01/2023,USD 26.83,eur,1,Wallet
TX-1471,11-06-2024,INR 167.65,USD,-1,Card
TX-1472,19-Aug-2024,$35.64,EUR,1,Card
TX-1473,04/11/2023,INR 224.25,USD,1,Cash
TX-1474,2024-06-06,34.71302233520428,INR,3,card
TX-1475,01-10-2023,USD 264.24,INR,1,Wallet
TX-1476,31/03/2025,INR 57.41,GBP,2,Card
TX-1477,12/04/2023,116.96940389541334,eur,3,Cash
TX-1478,30/05/2023,USD 257.50,USD,2,card
TX-1479,16/03/2023,INR 74.87,eur,1,Card
TX-1480,04-27-2025,INR 122.51,USD,1,Wallet
TX-1481,29/01/2023,€201.83,GBP,2,card
TX-1482,06/05/2025,USD 224.83,GBP,3,card
TX-1483,29-Jun-2025,194.16624709732446,EUR,1,card
TX-1484,06-17-2024,$149.64,GBP,3,Cash
TX-1485,2024-03-03,168.9443151978251,EUR,-1,Cash
TX-1486,01-14-2024,INR 118.59,eur,1,UPI
TX-1487,05-06-2025,INR 275.88,usd,2,Wallet
TX-1488,14/02/2025,$141.33,eur,2,UPI
TX-1489,2024-06-29,€76.23,INR,1,card
TX-1490,09/06/2024,€94.60,EUR,3,Card
TX-1491,12-23-2023,€58.36,usd,-1,Wallet
TX-1492,10-13-2023,179.73039223052996,eur,1,card
TX-1493,30/06/2025,240.87108250858483,INR,1,UPI
TX-1494,12-30-2024,INR 62.13,usd,3,Card
TX-1495,05-01-2023,USD 191.94,usd,-1,UPI
TX-1496,07-Jul-2023,INR 113.12,GBP,-1,UPI
TX-1497,12-Aug-2025,USD 161.69,INR,3,Cash
TX-1498,2023-09-16,£289.99,GBP,1,Cash
TX-1499,07-13-2023,INR 278.41,usd,3,UPI
TX-1500,07-Jun-2024,$60.56,GBP,-1,Wallet
TX-1501,2024-09-01,INR 143.43,INR,1,Card
TX-1502,2023-07-05,$109.04,USD,1,UPI
TX-1503,04-21-2023,$39.10,eur,-1,Wallet
TX-1504,2023-07-29,£267.50,USD,1,Cash
TX-1505,12-12-2023,USD 85.97,EUR,1,card
TX-1506,09-10-2024,€278.43,EUR,1,Cash
TX-1507,07-20-2024,USD 228.94,GBP,1,card
TX-1508,2024-09-23,$286.39,usd,-1,card
TX-1509,04-Oct-2023,USD 38.24,GBP,1,Card
TX-1510,15/04/2024,USD 267.67,INR,1,Cash
TX-1511,09-02-2023,£131.12,GBP,2,Card
TX-1512,2023-08-26,INR 254.34,eur,2,Wallet
TX-1513,03-Jun-2023,INR 255.33,USD,3,UPI
TX-1514,30-Jul-2023,£131.56,INR,1,Cash
TX-1515,26-May-2024,£251.63,EUR,1,Card
TX-1516,2024-12-21,180.6851108315958,eur,2,Card
TX-1517,17-Mar-2025,€62.93,INR,2,UPI
TX-1518,09-12-2023,INR 269.64,usd,2,Cash
TX-1519,03/12/2024,$194.00,GBP,-1,Cash
TX-1520,02-03-2024,$108.50,GBP,2,Wallet
TX-1521,20-Jul-2025,€27.75,INR,1,UPI
TX-1522,01-11-2024,USD 144.08,EUR,3,card
TX-1523,05/09/2024,INR 253.92,INR,1,Card
TX-1524,03/04/2023,28.62065740689289,usd,1,UPI
TX-1525,03-23-2023,€136.48,EUR,2,UPI
TX-1526,10/06/2025,€69.50,EUR,3,Cash
TX-1527,2023-08-26,£186.66,eur,-1,Card
TX-1528,23-Oct-2023,USD 282.66,EUR,1,Card
TX-1529,2024-09-09,$21.15,INR,1,card
TX-1530,08-May-2023,€166.48,eur,1,Card
TX-1531,30/06/2024,$74.45,INR,1,UPI
TX-1532,2024-06-09,$150.77,GBP,1,Card
TX-1533,19-Feb-2023,USD 47.62,EUR,3,UPI
TX-1534,08-10-2024,INR 139.26,EUR,-1,Cash
TX-1535,31/12/2024,£49.46,USD,1,Wallet
TX-1536,2023-05-20,£86.87,GBP,-1,Wallet
TX-1537,17-Jul-2024,INR 266.75,eur,3,UPI
TX-1538,16-Mar-2025,£225.74,GBP,1,card
TX-1539,28-May-2025,$38.75,EUR,1,card
TX-1540,01-12-2024,INR 35.55,GBP,2,UPI
TX-1541,2024-01-18,USD 95.05,USD,1,Wallet
TX-1542,04/03/2025,£135.53,eur,1,UPI
TX-1543,10/02/2024,USD 43.55,GBP,1,Wallet
TX-1544,13-Feb-2024,€214.15,EUR,2,Card
TX-1545,2024-03-01,USD 74.36,eur,1,UPI
TX-1546,2024-01-19,INR 105.82,eur,2,Cash
TX-1547,09-04-2024,£107.08,usd,2,Cash
TX-1548,14-Aug-2025,€21.26,EUR,1,card
TX-1549,2023-06-19,USD 297.64,eur,-1,card
TX-1550,2023-10-04,USD 8.38,eur,3,UPI
TX-1551,25-Jan-2023,£121.62,GBP,1,card
TX-1552,12-01-2023,£111.02,usd,1,Wallet
TX-1553,15-Feb-2025,£130.59,USD,-1,card
TX-1554,2025-01-16,USD 299.59,GBP,1,Wallet
TX-1555,01-19-2025,USD 44.04,USD,3,Wallet
TX-1556,10-Oct-2023,$66.85,INR,1,Card
TX-1557,19-Jul-2023,INR 171.22,EUR,2,card
TX-1558,08-04-2024,USD 297.14,USD,1,Card
TX-1559,2025-05-29,INR 80.39,USD,1,Wallet
TX-1560,26/07/2025,INR 277.52,USD,1,Wallet
TX-1561,04-11-2025,€185.42,GBP,1,card
TX-1562,07-25-2024,€189.83,usd,1,card
TX-1563,06-16-2024,USD 242.05,EUR,1,Wallet
TX-1564,05-09-2024,£99.12,INR,2,Wallet
TX-1565,02-22-2023,€240.70,USD,1,card
TX-1566,17/08/2023,USD 264.34,GBP,1,Cash
TX-1567,12-15-2024,INR 124.38,GBP,3,UPI
TX-1568,2023-11-03,£73.51,GBP,-1,Cash
TX-1569,03-04-2025,$277.91,GBP,2,Wallet
TX-1570,07-Jun-2023,$142.48,INR,1,Cash
TX-1571,12/11/2023,INR 146.47,GBP,3,Card
TX-1572,20-Feb-2024,€254.99,EUR,3,Card
TX-1573,11/12/2023,£179.80,GBP,1,Cash
TX-1574,2023-03-26,$239.06,EUR,3,Wallet
TX-1575,2024-05-19,280.37790082430837,eur,1,Cash
TX-1576,03-Jan-2023,USD 54.09,INR,1,UPI
TX-1577,2024-11-13,€13.09,INR,1,Cash
TX-1578,2024-08-19,£296.47,USD,1,Card
TX-1579,07-Jul-2025,INR 247.43,USD,1,card
TX-1580,2023-10-26,€249.71,EUR,1,Wallet
TX-1581,09-12-2024,48.06081839200661,usd,1,Wallet
TX-1582,13/09/2024,$207.02,GBP,1,Card
TX-1583,12-Dec-2024,€243.27,usd,1,UPI
TX-1584,31-Oct-2024,USD 125.97,INR,-1,UPI
TX-1585,04/08/2023,138.92474183043504,EUR,1,Cash
TX-1586,2023-03-02,INR 45.16,EUR,1,Cash
TX-1587,10-17-2023,£206.63,EUR,-1,Wallet
TX-1588,21-Mar-2024,37.662932500482384,eur,-1,card
TX-1589,01-16-2025,USD 281.29,GBP,-1,Cash
TX-1590,08/01/2024,€117.85,USD,1,Cash
TX-1591,05-11-2025,INR 117.48,GBP,-1,Wallet
TX-1592,03-13-2025,€135.43,eur,-1,Wallet
TX-1593,11-05-2024,£287.46,eur,1,Cash
TX-1594,09/06/2025,INR 286.33,USD,2,UPI
TX-1595,2023-06-01,USD 265.38,usd,3,Wallet
TX-1596,12/10/2023,INR 216.51,USD,1,UPI
TX-1597,12-29-2024,€240.26,INR,1,Cash
TX-1598,09/05/2024,€64.11,eur,-1,card
TX-1599,08-Oct-2023,£266.99,usd,3,Card
TX-1600,2024-03-21,137.03079764752547,usd,3,UPI
TX-1601,05-Jul-2024,€14.31,USD,2,card
TX-1602,2024-10-04,INR 142.88,GBP,3,card
TX-1603,08-25-2023,USD 250.61,GBP,1,UPI
TX-1604,2025-07-01,245.20414405027333,usd,1,Wallet
TX-1605,2023-09-29,$159.69,EUR,2,Card
TX-1606,2024-02-11,$129.57,INR,3,card
TX-1607,20-Aug-2025,5.886677682577042,eur,1,card
TX-1608,2024-11-10,£149.49,EUR,3,card
TX-1609,2023-10-22,INR 256.71,usd,-1,UPI
TX-1610,01/07/2023,INR 5.25,USD,1,Card
TX-1611,27-Aug-2025,USD 7.19,eur,-1,UPI
TX-1612,06-23-2023,INR 201.87,EUR,2,Card
TX-1613,16/01/2025,€109.07,INR,3,card
TX-1614,2024-10-16,USD 23.79,USD,1,Card
TX-1615,03-09-2023,$289.58,GBP,1,Cash
TX-1616,27-May-2024,INR 153.72,eur,3,UPI
TX-1617,2025-03-15,$107.52,INR,1,Wallet
TX-1618,05/04/2025,€164.05,eur,1,card
TX-1619,2025-04-03,USD 297.64,EUR,1,Card
TX-1620,18/06/2024,144.12841642903496,INR,1,UPI
TX-1621,23-May-2025,INR 238.01,USD,3,Wallet
TX-1622,06/08/2023,57.85296232030875,GBP,3,Cash
TX-1623,01/02/2025,INR 250.52,usd,2,Wallet
TX-1624,11-26-2023,$60.53,USD,2,Card
TX-1625,01-04-2023,6.119277613692392,INR,-1,UPI
TX-1626,2024-03-01,INR 290.91,USD,1,Cash
TX-1627,2024-08-31,INR 178.27,GBP,3,card
TX-1628,01-13-2025,$36.81,eur,1,Card
TX-1629,16-Nov-2023,$88.74,USD,1,Card
TX-1630,12-13-2024,USD 244.89,INR,1,Wallet
TX-1631,03-18-2023,€23.46,eur,1,Wallet
TX-1632,2023-01-24,€294.39,EUR,-1,Cash
TX-1633,09/06/2025,£279.49,usd,1,UPI
TX-1634,2023-04-27,€292.42,INR,1,Card
TX-1635,13/08/2024,$175.09,EUR,1,UPI
TX-1636,2023-11-15,£243.66,usd,-1,card
TX-1637,11-01-2023,INR 31.03,USD,1,Wallet
TX-1638,04-06-2023,$81.45,EUR,1,Cash
TX-1639,2025-08-29,INR 32.94,USD,2,UPI
TX-1640,2024-02-20,£80.02,usd,1,Cash
TX-1641,09/12/2023,£56.35,eur,1,Cash
TX-1642,26/04/2024,USD 218.90,EUR,-1,card
TX-1643,02-Sep-2023,£2.58,INR,3,Card
TX-1644,19/05/2024,USD 18.75,usd,-1,Wallet
TX-1645,07-17-2023,INR 103.94,usd,2,card
TX-1646,10-22-2023,$75.46,eur,2,UPI
TX-1647,25-Oct-2024,$1.43,GBP,3,Card
TX-1648,02-03-2025,£207.70,EUR,-1,card
TX-1649,03/05/2023,$40.60,EUR,1,Cash
TX-1650,2025-01-18,USD 205.54,EUR,1,Cash
TX-1651,2024-08-11,195.90404602029386,USD,-1,Cash
TX-1652,2024-02-28,INR 103.07,EUR,1,Cash
TX-1653,06-08-2025,INR 98.21,GBP,-1,card
TX-1654,11-27-2024,USD 133.58,eur,1,Card
TX-1655,02-03-2024,57.212207191552,eur,1,Wallet
TX-1656,05-15-2024,€131.80,USD,2,Wallet
TX-1657,2023-06-12,$234.64,eur,2,card
TX-1658,24/10/2023,€124.61,EUR,1,UPI
TX-1659,01-Jul-2023,INR 230.95,usd,1,card
TX-1660,04-10-2024,USD 91.66,GBP,1,UPI
TX-1661,09-May-2025,€289.09,EUR,2,Card
TX-1662,24/03/2024,USD 6.13,eur,2,Wallet
TX-1663,13/08/2023,33.837495200597196,INR,3,UPI
TX-1664,2024-12-07,82.27182092322944,usd,1,Wallet
TX-1665,2023-01-21,$170.58,EUR,1,UPI
TX-1666,09/04/2025,227.56333937753743,usd,3,card
TX-1667,29/03/2025,£188.63,USD,1,Cash
TX-1668,02-Dec-2023,$170.82,GBP,1,Card
TX-1669,04-22-2023,INR 216.54,INR,-1,UPI
TX-1670,23/08/2024,189.02526592600455,usd,3,card
TX-1671,2024-01-01,£114.60,EUR,1,UPI
TX-1672,02-16-2023,USD 107.71,usd,1,Wallet
TX-1673,22-Aug-2023,$287.29,eur,1,Cash
TX-1674,01/08/2024,$70.16,EUR,2,Wallet
TX-1675,2024-07-01,£31.68,GBP,-1,Card
TX-1676,15/08/2023,$66.32,USD,1,Cash
TX-1677,29-Jul-2025,€36.96,eur,3,Wallet
TX-1678,03/07/2025,USD 28.95,usd,1,Cash
TX-1679,04-04-2025,£237.54,eur,-1,Card
TX-1680,15-Feb-2023,£207.01,EUR,-1,Cash
TX-1681,06-Aug-2025,USD 245.30,GBP,1,Cash
TX-1682,01/04/2023,€277.52,USD,2,UPI
TX-1683,08-15-2025,£226.24,eur,1,Cash
TX-1684,2025-01-26,£294.23,USD,-1,UPI
TX-1685,17/07/2023,USD 246.87,eur,1,Card
TX-1686,20/07/2023,€60.10,GBP,1,Wallet
TX-1687,20/08/2023,10.415779249705292,eur,1,UPI
TX-1688,10-04-2024,INR 250.59,EUR,-1,Cash
TX-1689,03/05/2025,$142.65,EUR,1,Cash
TX-1690,29/06/2024,INR 205.65,USD,1,Card
TX-1691,2023-08-05,$46.97,GBP,1,Card
TX-1692,09-30-2023,USD 266.03,usd,3,card
TX-1693,09-Aug-2023,£128.04,GBP,1,UPI
TX-1694,24/09/2023,$277.94,EUR,2,UPI
TX-1695,20-Jan-2024,£278.25,USD,-1,Card
TX-1696,2025-07-11,69.69160929593492,usd,1,card
TX-1697,05-May-2024,£272.89,eur,-1,Card
TX-1698,24/02/2023,USD 162.17,EUR,1,Cash
TX-1699,2024-06-04,£73.21,USD,1,card
TX-1700,2024-07-04,€78.64,usd,1,Card
TX-1701,15-Feb-2023,USD 147.66,EUR,1,Cash
TX-1702,14/06/2024,$187.83,GBP,-1,card
TX-1703,03-24-2023,138.80886236746426,INR,1,Cash
TX-1704,2023-02-03,234.2342199770303,eur,1,Cash
TX-1705,03-27-2023,50.312256362363655,eur,3,Cash
TX-1706,26/03/2023,$144.75,GBP,3,UPI
TX-1707,2023-02-28,€216.05,INR,2,Cash
TX-1708,03-24-2025,€226.01,EUR,1,card
TX-1709,12/04/2025,£180.50,usd,2,UPI
TX-1710,2024-05-17,€46.02,usd,3,Cash
TX-1711,18-Nov-2023,£141.19,GBP,2,Cash
TX-1712,2023-02-15,€1.84,EUR,2,UPI
TX-1713,10-13-2024,27.517877966750817,usd,1,card
TX-1714,03-Jun-2023,$113.94,EUR,2,Card
TX-1715,03-27-2025,€153.99,INR,-1,Cash
TX-1716,01-10-2024,£246.65,GBP,-1,Cash
TX-1717,2024-07-19,$187.88,GBP,1,Card
TX-1718,25-Feb-2024,$185.81,usd,-1,card
TX-1719,09/07/2023,€20.29,USD,1,Wallet
TX-1720,2023-09-16,£267.17,eur,1,UPI
TX-1721,10-02-2024,288.68346231599736,EUR,3,Wallet
TX-1722,25/05/2024,INR 155.18,eur,1,card
TX-1723,2024-10-25,USD 120.51,EUR,-1,Cash
TX-1724,25-May-2023,€186.10,eur,1,card
TX-1725,08-08-2024,USD 122.88,USD,1,Wallet
TX-1726,13/02/2025,111.10869789088211,usd,2,Card
TX-1727,04-17-2023,€288.27,USD,2,Cash
TX-1728,21-Apr-2025,88.19597083099484,GBP,1,UPI
TX-1729,08-26-2025,$227.54,EUR,2,Card
TX-1730,01-08-2025,102.63928445054063,EUR,1,Card
TX-1731,2025-06-05,INR 200.93,GBP,1,Wallet
TX-1732,03-22-2025,£259.06,usd,3,card
TX-1733,2025-07-27,231.83903215478398,USD,1,Card
TX-1734,23/07/2024,€249.29,INR,-1,Card
TX-1735,2024-04-21,€202.43,USD,1,Cash
TX-1736,05-23-2025,USD 72.41,EUR,1,Card
TX-1737,04-28-2025,176.5493452638914,USD,2,Card
TX-1738,06/04/2025,$241.98,USD,-1,card
TX-1739,10-Apr-2024,$216.65,usd,1,card
TX-1740,23/07/2023,178.40199322502454,eur,1,Wallet
TX-1741,10/08/2023,€122.09,EUR,1,Wallet
TX-1742,2025-05-25,$217.28,usd,3,Wallet
TX-1743,02-15-2025,$297.44,GBP,3,Wallet
TX-1744,2025-03-08,USD 4.19,EUR,1,Cash
TX-1745,2024-08-23,INR 101.04,USD,3,Card
TX-1746,2025-05-07,INR 74.07,INR,2,Wallet
TX-1747,09-28-2023,£247.09,USD,-1,Wallet
TX-1748,2025-07-27,264.80209996325055,EUR,2,UPI
TX-1749,09-16-2024,$41.04,USD,1,card
TX-1750,2023-03-14,261.3816373442297,usd,1,Cash
TX-1751,07-06-2024,INR 68.53,usd,2,UPI
TX-1752,2025-05-08,INR 176.38,EUR,1,Card
TX-1753,22/08/2025,£182.36,EUR,1,Card
TX-1754,04-07-2024,INR 101.22,USD,1,UPI
TX-1755,2025-08-14,208.92970749034498,INR,1,card
TX-1756,02-Jul-2024,$282.26,INR,-1,Cash
TX-1757,03-07-2025,INR 72.06,GBP,2,Cash
TX-1758,2024-06-15,USD 35.84,GBP,1,Cash
TX-1759,24/08/2025,$262.57,usd,1,UPI
TX-1760,04-Feb-2024,$265.48,USD,2,Card
TX-1761,02-Dec-2024,22.731143674202873,EUR,1,Card
TX-1762,25/02/2025,€76.95,INR,1,Wallet
TX-1763,05/06/2024,$131.44,GBP,-1,Wallet
TX-1764,10/03/2024,£186.73,INR,1,Cash
TX-1765,29/04/2023,£91.90,USD,3,Wallet
TX-1766,09/03/2025,USD 103.44,GBP,-1,card
TX-1767,24/01/2025,USD 122.83,EUR,-1,UPI
TX-1768,2024-09-21,16.96670119941194,INR,2,Cash
TX-1769,2024-09-12,£152.71,usd,-1,Cash
TX-1770,04-02-2025,USD 86.44,USD,-1,Wallet
TX-1771,19/09/2023,£121.45,eur,3,card
TX-1772,23-Aug-2025,£230.22,GBP,-1,UPI
TX-1773,30-Apr-2025,£27.81,INR,1,card
TX-1774,03-13-2025,174.20459504310452,usd,1,Card
TX-1775,2023-12-05,£89.03,INR,3,card
TX-1776,22/03/2025,USD 286.03,USD,1,Card
TX-1777,29/10/2023,INR 233.10,GBP,3,card
TX-1778,2025-08-18,122.93791220369295,USD,3,Wallet
TX-1779,08-Jun-2023,INR 192.43,GBP,1,Wallet
TX-1780,28/06/2023,93.54102517616924,EUR,3,card
TX-1781,08-14-2023,£201.37,INR,-1,Card
TX-1782,09/07/2025,£197.52,USD,1,Cash
TX-1783,07-07-2025,288.0461407812996,USD,1,card
TX-1784,16-Sep-2024,£103.06,EUR,2,card
TX-1785,02-20-2025,USD 163.81,GBP,-1,UPI
TX-1786,06-Apr-2023,€172.30,GBP,-1,Cash
TX-1787,03/08/2025,INR 5.46,GBP,1,Card
TX-1788,23/02/2025,€242.36,usd,1,Cash
TX-1789,15/09/2023,INR 233.39,usd,1,Card
TX-1790,08-24-2024,€255.08,eur,1,Cash
TX-1791,02/05/2025,USD 144.05,USD,1,card
TX-1792,20-Mar-2024,INR 272.29,USD,1,Cash
TX-1793,03-May-2025,$151.67,USD,-1,Card
TX-1794,04-13-2025,$247.24,USD,1,Wallet
TX-1795,2024-06-24,€184.01,USD,1,card
TX-1796,03-16-2023,INR 17.24,EUR,-1,card
TX-1797,20-Jul-2023,192.97989191807324,EUR,1,UPI
TX-1798,08-14-2023,INR 81.77,GBP,2,card
TX-1799,16-Oct-2023,49.531373079094394,GBP,1,Wallet
TX-1102,17/12/2023,USD 93.48,EUR,1,card
TX-1435,01-Jun-2023,INR 203.04,INR,2,Cash
TX-1270,2023-04-12,€199.39,usd,3,card
TX-1106,2023-10-05,$291.16,GBP,3,card
TX-1071,27/12/2023,£126.04,INR,1,UPI
TX-1700,2024-07-04,€78.64,usd,1,Card
TX-1020,30/01/2023,€154.15,usd,-1,card
TX-1614,2024-10-16,USD 23.79,USD,1,Card
TX-1121,2025-03-08,USD 229.09,INR,3,UPI
TX-1466,2023-05-16,€131.99,eur,2,Cash
TX-1214,21/05/2024,177.73424720537915,INR,1,Wallet
TX-1330,11-Aug-2025,USD 175.88,GBP,1,Wallet
TX-1458,2024-08-30,INR 280.73,USD,3,Card
TX-1087,2024-10-24,132.11781504572525,USD,1,Wallet
TX-1372,01-14-2023,€189.82,eur,1,card
TX-1099,08-Jan-2024,USD 143.62,INR,-1,Card
TX-1663,13/08/2023,33.837495200597196,INR,3,UPI
TX-1130,10-29-2023,INR 8.08,GBP,1,card
TX-1661,09-May-2025,€289.09,EUR,2,Card
TX-1308,02-02-2024,€264.70,eur,1,Wallet
TX-1769,2024-09-12,£152.71,usd,-1,Cash
TX-1343,2025-06-01,USD 7.88,USD,1,Cash
TX-1491,12-23-2023,€58.36,usd,-1,Wallet
TX-1413,02/05/2025,€266.11,INR,2,Cash
TX-1385,05-04-2023,220.2925554745519,EUR,3,card
TX-1191,2025-04-29,36.963045504606995,INR,1,UPI
TX-1276,09/07/2024,192.63879602985406,USD,3,Cash
TX-1160,05/05/2023,$227.23,GBP,-1,card
TX-1459,04-19-2024,INR 209.44,usd,-1,Cash
TX-1313,17/05/2023,74.55612776332222,EUR,3,Card
TX-1021,23/07/2023,€39.84,USD,1,UPI
TX-1252,28/02/2024,USD 220.03,usd,1,Card
TX-1747,09-28-2023,£247.09,USD,-1,Wallet
TX-1560,26/07/2025,INR 277.52,USD,1,Wallet
TX-1474,2024-06-06,34.71302233520428,INR,3,card
TX-1058,01-Oct-2023,180.12475581681136,INR,1,Card
TX-1510,15/04/2024,USD 267.67,INR,1,Cash
TX-1681,06-Aug-2025,USD 245.30,GBP,1,Cash
TX-1475,01-10-2023,USD 264.24,INR,1,Wallet
TX-1699,2024-06-04,£73.21,USD,1,card
TX-1782,09/07/2025,£197.52,USD,1,Cash
TX-1189,11-15-2024,€229.22,USD,1,Wallet
TX-1686,20/07/2023,€60.10,GBP,1,Wallet
TX-1562,07-25-2024,€189.83,usd,1,card
TX-1566,17/08/2023,USD 264.34,GBP,1,Cash
TX-1243,04/01/2025,£140.12,USD,2,card
TX-1504,2023-07-29,£267.50,USD,1,Cash
TX-1130,10-29-2023,INR 8.08,GBP,1,card
